date,sales,marketing,holiday
2022-01-01,516.7014501917054,109.93428306022466,0
2022-01-02,455.35884458878644,97.2347139765763,0
2022-01-03,564.0569448308413,112.95377076201385,0
2022-01-04,568.7595844048645,130.46059712816052,0
2022-01-05,582.5321812279584,95.31693250553329,0
2022-01-06,455.79027656721723,95.3172608610164,0
2022-01-07,599.7592454990827,131.58425631014782,0
2022-01-08,518.132299892289,115.34869458305818,0
2022-01-09,552.9074495703692,90.61051228130096,0
2022-01-10,511.07283965682376,110.8512008717193,0
2022-01-11,571.1506761365251,90.73164614375075,0
2022-01-12,525.9069378204363,90.68540492859486,0
2022-01-13,533.1124552410816,104.83924543132068,0
2022-01-14,579.8472226660031,61.73439510684404,0
2022-01-15,507.89912749419426,65.50164334973934,0
2022-01-16,531.8605392472905,88.75424941518055,0
2022-01-17,565.2491668426866,79.74337759331152,0
2022-01-18,578.4886315169248,106.28494665190547,0
2022-01-19,565.5264640294347,81.83951848957578,0
2022-01-20,558.9788276280319,71.75392597329417,0
2022-01-21,620.902491497145,129.31297537843108,0
2022-01-22,526.9544471869705,95.4844739902693,0
2022-01-23,541.1846812923964,101.35056409375848,0
2022-01-24,574.1955422232463,71.50503627573086,0
2022-01-25,597.5957914215649,89.11234550949635,0
2022-01-26,608.6637825762286,102.21845179419732,0
2022-01-27,574.6450870657135,76.98012845155394,0
2022-01-28,513.8138794909509,107.51396036691344,0
2022-01-29,581.237247591673,87.9872262016239,0
2022-01-30,504.361623569318,94.16612500413447,0
2022-01-31,562.4023714763999,87.96586775541206,0
2022-02-01,561.8428036241111,137.04556369017877,0
2022-02-02,575.9936830743342,99.73005550524132,0
2022-02-03,571.4660471761011,78.845781420882,0
2022-02-04,565.933398968332,116.45089824206379,0
2022-02-05,546.6240161562861,75.58312700057955,0
2022-02-06,595.5642243404656,104.1772719000951,0
2022-02-07,564.1218518078971,60.80659752240449,0
2022-02-08,563.3451517192938,73.43627902203139,0
2022-02-09,613.3239557520109,103.93722471738246,0
2022-02-10,613.2240669818119,114.76933159990821,0
2022-02-11,520.6540313627928,103.4273656237994,0
2022-02-12,563.5517350991771,97.68703435223519,0
2022-02-13,570.0945688076139,93.97792608821422,0
2022-02-14,549.374879309578,70.42956019265145,0
2022-02-15,620.4215999124297,85.60311583210583,0
2022-02-16,580.7152599216977,90.78722458080425,0
2022-02-17,587.9085528920102,121.14244452437832,0
2022-02-18,557.9404846113712,106.87236579136923,0
2022-02-19,540.7558626755592,64.73919689274533,0
2022-02-20,524.390362904349,106.4816793878959,0
2022-02-21,526.0527723932122,92.29835439167367,0
2022-02-22,631.5575323821129,86.46155999388083,0
2022-02-23,570.4778299358655,112.23352577681736,0
2022-02-24,558.3988543840056,120.61999044991902,0
2022-02-25,506.1321301893553,118.62560238232398,0
2022-02-26,530.655815504633,83.21564953554723,0
2022-02-27,517.6963225750311,93.81575248297571,0
2022-02-28,626.6388899688887,106.62526862807128,0
2022-03-01,627.672611006164,119.51090254244718,0
2022-03-02,572.3518201977129,90.4165152430942,0
2022-03-03,651.9813803399097,96.28682046672365,0
2022-03-04,591.4406554805287,77.87330051987944,0
2022-03-05,541.3283278295983,76.07586751838659,0
2022-03-06,492.43789732140965,116.25051644788397,0
2022-03-07,655.466407989279,127.12480057141646,0
2022-03-08,552.5237943262374,98.55979756839332,0
2022-03-09,555.5563576081136,120.07065795784048,0
2022-03-10,621.301688071886,107.23272050095268,0
2022-03-11,640.7860403213425,87.09760490789752,0
2022-03-12,604.6908028418243,107.22791211016828,0
2022-03-13,591.338682722363,130.76073132931938,0
2022-03-14,598.7804998300566,99.28347921780097,0
2022-03-15,632.0886996772491,131.29287311628013,0
2022-03-16,608.304434506316,47.60509791820511,0
2022-03-17,604.0818294104265,116.43805008750448,0
2022-03-18,577.2738368382095,101.74094136476343,0
2022-03-19,559.3846265752037,94.01985299068264,0
2022-03-20,545.0874144191349,101.83521553071004,0
2022-03-21,562.6696577199718,60.248621707982146,0
2022-03-22,546.7535847340785,95.60656224324975,0
2022-03-23,602.1085169885638,107.14225143023492,0
2022-03-24,571.4839305906404,129.55788089483033,0
2022-03-25,538.8661348624304,89.63459563452705,0
2022-03-26,564.9582000183063,83.83012794213624,0
2022-03-27,607.158846486829,89.96485912830927,0
2022-03-28,617.2081595416896,118.30804235404148,0
2022-03-29,554.7658892564016,106.57502219319369,0
2022-03-30,570.9936534859082,89.40479592465923,0
2022-03-31,624.4188401196723,110.26534866226712,0
2022-04-01,546.9297056943972,101.9415509869608,0
2022-04-02,564.120150132387,119.37289981065778,0
2022-04-03,581.2299287924798,85.95893812245295,0
2022-04-04,553.577679253756,93.44675706804463,0
2022-04-05,601.041103958216,92.15783693735685,0
2022-04-06,555.2796487950061,70.72970103735763,0
2022-04-07,576.9686326812371,105.92240554129152,0
2022-04-08,586.994957338375,105.22110544359779,0
2022-04-09,517.1980136899409,100.10226913284922,0
2022-04-10,580.5539692008176,95.30825733249705,0
2022-04-11,575.2160490780886,71.69258515899172,0
2022-04-12,613.8837839442821,91.58709354469282,0
2022-04-13,608.2403797486902,93.14570966946461,0
2022-04-14,628.7387515978552,83.95445461556763,0
2022-04-15,577.9172558585432,96.77428576667981,0
2022-04-16,553.6904698146964,108.08101713629077,0
2022-04-17,582.8229382770785,137.7237180242106,0
2022-04-18,600.6322985974475,103.49155625663678,0
2022-04-19,601.7317839349906,105.15100781445528,0
2022-04-20,603.1377124857646,98.51108168467665,0
2022-04-21,558.7433540258752,61.62457569401917,0
2022-04-22,553.6702817531967,99.46972249101566,0
2022-04-23,520.9208614139179,101.20460419882053,0
2022-04-24,633.494661430814,149.26484224970574,0
2022-04-25,543.1091184525444,96.15278070437755,0
2022-04-26,577.9389892741958,106.03094684667225,0
2022-04-27,578.7058597745634,99.30576460589513,0
2022-04-28,609.1553024017127,76.62643924760935,0
2022-04-29,569.6336378874528,122.85645629030041,0
2022-04-30,602.395912331373,115.03866065373548,0
2022-05-01,548.4901592410478,115.82063894086093,0
2022-05-02,582.1206065404413,81.81225090410523,0
2022-05-03,577.8090924046759,128.05588621872198,0
2022-05-04,653.8543785677375,71.96297874415438,0
2022-05-05,554.5671387451991,111.73714187600541,0
2022-05-06,591.3273902155149,143.80911251619958,0
2022-05-07,570.698432805838,80.18927349738624,0
2022-05-08,570.053554212615,88.67404540794456,0
2022-05-09,571.2484216133254,101.99302730175282,0
2022-05-10,584.4536474865963,89.93048691767602,0
2022-05-11,586.7531238849649,68.98673137867735,0
2022-05-12,579.4234232218598,101.37125949612054,0
2022-05-13,588.0982178157399,78.7539257254779,0
2022-05-14,623.369786930345,109.47184861270364,0
2022-05-15,535.2999490993259,81.61151531532393,0
2022-05-16,540.8393627265309,130.9986881003508,0
2022-05-17,580.3678289501645,84.33493415327526,0
2022-05-18,666.4715306203808,93.5587696758865,0
2022-05-19,560.3872115213281,116.27034434739339,0
2022-05-20,603.4638366930438,75.3827136713209,0
2022-05-21,601.9550436467358,104.54919869208258,0
2022-05-22,544.7513152869222,126.14285508564856,0
2022-05-23,575.9627336979827,67.85033530877544,0
2022-05-24,633.5105614925768,103.69267717064608,0
2022-05-25,576.9652259407485,105.19765588496847,0
2022-05-26,573.9004638245679,115.6364574355462,0
2022-05-27,532.4388069291372,75.26098578243835,0
2022-05-28,507.46546327758074,73.59086773831447,0
2022-05-29,532.6787153193932,110.43883131233795,0
2022-05-30,529.050202444628,105.93969346466372,0
2022-05-31,581.4652103500052,105.00985700691753,0
2022-06-01,561.090141241148,106.92896418993952,0
2022-06-02,573.5247391620371,86.39950556843019,0
2022-06-03,507.24695339819914,104.64507394322007,0
2022-06-04,552.6816182380122,105.86144946597362,0
2022-06-05,564.8590699082737,85.71297163947264,0
2022-06-06,510.43259478820266,137.31549022289514,0
2022-06-07,588.0191222110396,109.47665841823576,0
2022-06-08,606.7603208674427,76.17393005594703,0
2022-06-09,533.1631641336162,113.1310721726766,0
2022-06-10,591.7370933379044,80.50636659545357,0
2022-06-11,553.1251352933363,115.74169207484904,0
2022-06-12,524.7350122631581,123.17191158014808,0
2022-06-13,547.2081858069498,83.5863536329658,0
2022-06-14,591.2023347641527,119.26752258488644,0
2022-06-15,576.5169393075886,108.25561853872996,0
2022-06-16,581.2559901521096,116.4412031998898,0
2022-06-17,525.7839843452384,137.93585965307895,0
2022-06-18,534.0252212929591,95.09223767994258,0
2022-06-19,486.55556422933495,84.9252767128502,0
2022-06-20,539.6597760714648,82.20971140748954,0
2022-06-21,531.1628679819024,83.68379430069123,0
2022-06-22,543.7104003563848,98.45796581171791,0
2022-06-23,593.7473417335578,106.82303949633287,0
2022-06-24,570.8591825040861,105.53381598660039,0
2022-06-25,548.0716352338798,116.54366498072048,0
2022-06-26,495.19883625258944,100.26003783755814,0
2022-06-27,541.948274933773,129.07068154314635,0
2022-06-28,592.3522835175979,94.70686333524088,0
2022-06-29,581.172192302598,154.40338333179238,0
2022-06-30,622.3024870797486,112.51334695530012,0
2022-07-01,537.4592649054167,82.85684887167434,0
2022-07-02,518.5072104182634,78.58215003877775,0
2022-07-03,515.8437889046669,109.64944830486371,0
2022-07-04,539.7143387812868,95.53074429348298,0
2022-07-05,551.5858736542071,114.28000988184183,0
2022-07-06,579.0119203300624,109.4647524914709,0
2022-07-07,571.5649333193874,98.54342174686255,0
2022-07-08,496.4789287379152,83.06412563863191,0
2022-07-09,464.48796092888597,69.70305550628271,0
2022-07-10,458.80815959914463,91.06970095865958,0
2022-07-11,551.7877819263913,117.12797588646944,0
2022-07-12,514.4318646426474,104.28187488260409,0
2022-07-13,477.25376329311115,75.08522442576025,0
2022-07-14,550.3980727013974,103.46361851702363,0
2022-07-15,596.6589315074749,107.70634759457674,0
2022-07-16,502.4650607689132,82.32285127597734,0
2022-07-17,537.1071695834615,103.07450211891056,0
2022-07-18,528.6925993071421,101.16417436892,0
2022-07-19,530.9264773029681,77.14059404338754,0
2022-07-20,573.5622248485678,107.15574720696567,0
2022-07-21,526.9137215036745,111.21569052736469,0
2022-07-22,528.6617864653209,121.66102486350555,0
2022-07-23,518.539501717965,121.07604104069806,0
2022-07-24,477.3692422734071,72.44661264085818,0
2022-07-25,544.7048064137816,81.24349920169755,0
2022-07-26,533.3102506109692,110.3007053441732,0
2022-07-27,519.0089021658466,110.27571901824417,0
2022-07-28,546.2373169897747,110.30095372612095,0
2022-07-29,505.13934003242304,177.0546298130944,0
2022-07-30,501.7142441579032,111.41781021386333,0
2022-07-31,507.13955893696243,122.71131280361197,0
2022-08-01,553.8387868836179,119.08003526986404,0
2022-08-02,548.6328045928013,113.02782502611596,0
2022-08-03,531.0196316053435,93.69461510719309,0
2022-08-04,551.2524571542867,115.17938440986535,0
2022-08-05,541.212137280434,84.54349570924856,0
2022-08-06,507.9762259112631,95.26362786519982,0
2022-08-07,493.27250504434255,90.29272904341794,0
2022-08-08,472.004954704567,101.63748278772646,0
2022-08-09,507.806941158974,146.29317133347018,0
2022-08-10,508.75008522765427,62.65469614816504,0
2022-08-11,503.5071341979915,113.72520380749027,0
2022-08-12,484.4290730404932,67.74568257620696,0
2022-08-13,487.1661550978635,90.56136268421133,0
2022-08-14,513.9991860892948,121.77901193934733,0
2022-08-15,504.9066554284512,101.28560038190926,0
2022-08-16,529.8360297912119,78.44510444141387,0
2022-08-17,522.6571227485821,85.69392581480064,0
2022-08-18,458.4633865810187,113.59195497869352,0
2022-08-19,463.1989630703536,85.39266736565726,0
2022-08-20,481.39422524560655,104.3291717916395,0
2022-08-21,451.75152846530193,100.91143679807628,0
2022-08-22,516.9940577458992,86.96799304788367,0
2022-08-23,576.8403264016877,142.87888178650653,0
2022-08-24,561.8057847393333,112.67838044636022,0
2022-08-25,491.59953581845207,59.49714826684786,0
2022-08-26,538.1859326394682,103.72908629538856,0
2022-08-27,481.5730367476211,86.76427070463224,0
2022-08-28,479.51911725494375,117.04866669592448,0
2022-08-29,476.5803427955224,84.14958523134598,0
2022-08-30,505.20801191842395,97.70527117066202,0
2022-08-31,509.8260709587868,110.09974557960915,0
2022-09-01,517.5493766831703,117.31510388340243,0
2022-09-02,487.13715600813333,75.99407185888448,0
2022-09-03,476.43294881444564,93.30997528318103,0
2022-09-04,492.1298790393186,90.50109377678088,0
2022-09-05,528.9816227319138,86.93341534852576,0
2022-09-06,551.585747649576,135.30908480562195,0
2022-09-07,473.9523281529355,108.09963421921911,0
2022-09-08,420.7802008996276,74.7823209132991,0
2022-09-09,520.8728976852567,118.35723894109552,0
2022-09-10,447.98395067120515,142.44312394025266,0
2022-09-11,479.3271426876447,120.64930521102293,0
2022-09-12,451.0623104218866,69.61260068091973,0
2022-09-13,453.7377622532402,90.31531854267497,0
2022-09-14,538.208016135535,125.33822298373245,0
2022-09-15,521.8827853695104,85.84661068762439,0
2022-09-16,471.1930406135214,108.87638856292457,0
2022-09-17,401.76206748113924,115.49268106858673,0
2022-09-18,456.61392654197806,81.46139056843835,0
2022-09-19,505.466283443431,98.809492878764,0
2022-09-20,445.77535094672317,35.17465319861855,0
2022-09-21,512.7056224908138,79.51224717331421,0
2022-09-22,500.4690908871853,94.9486369721368,0
2022-09-23,494.9086679142197,75.04433636070301,0
2022-09-24,487.52047816900716,132.64822607863272,0
2022-09-25,440.185188301394,71.39717244078734,0
2022-09-26,526.8239330420444,91.19911026606033,0
2022-09-27,505.21932787899846,102.61481154572182,0
2022-09-28,520.8830760134836,128.82546578132232,0
2022-09-29,465.63714906871076,71.2827569764112,0
2022-09-30,478.6070072620964,123.26327504309918,0
2022-10-01,447.66922171486453,100.20466122039174,0
2022-10-02,466.99751154765454,80.36982697904098,0
2022-10-03,547.9113746878658,109.24206948526542,0
2022-10-04,469.55218247708245,103.9811939114694,0
2022-10-05,461.47416638897374,87.9956624568241,0
2022-10-06,547.3356473097405,101.39604169980038,0
2022-10-07,476.96983797722476,92.2937280627648,0
2022-10-08,455.4992531971769,102.27034690502497,0
2022-10-09,514.0866702652803,113.24261349042092,0
2022-10-10,486.0801625850669,131.72033632290703,0
2022-10-11,557.9163372252028,75.24369002346302,0
2022-10-12,547.7692111181718,142.66066749312535,0
2022-10-13,477.6853886655622,60.958244009549965,0
2022-10-14,550.7258382867793,96.96429809928833,0
2022-10-15,461.70670121259553,111.76634412969152,0
2022-10-16,504.42518583458605,105.61983735470065,0
2022-10-17,501.6360910996562,87.54600960358812,0
2022-10-18,550.1283934995855,95.83755499285449,0
2022-10-19,560.3830627227313,90.13998130682334,0
2022-10-20,503.42179134130174,88.21270486111577,0
2022-10-21,471.47459879229467,116.9920419404205,0
2022-10-22,494.45083751918105,107.14030971930094,0
2022-10-23,458.24736750755244,86.14180809478691,0
2022-10-24,564.5506522925664,117.99199750866501,0
2022-10-25,520.7200872978357,106.14599041753219,0
2022-10-26,512.9653937771751,116.2572423767792,0
2022-10-27,517.964313527228,112.59257683847224,0
2022-10-28,446.33549914324806,83.42009978155855,0
2022-10-29,448.83855886269396,88.79637919606061,0
2022-10-30,526.1649639624995,114.94587210246523,0
2022-10-31,485.732575486979,112.2074053086693,0
2022-11-01,486.36569269132735,99.58196812071704,0
2022-11-02,539.0612505429314,102.34654766617564,0
2022-11-03,555.1838685152477,125.5532979157685,0
2022-11-04,513.1329648862956,88.1685722232834,0
2022-11-05,517.9916289524375,110.94194762340075,0
2022-11-06,465.31940882858424,95.95614695132213,0
2022-11-07,461.47153836964753,95.6463759354556,0
2022-11-08,573.2720174821094,121.97553703974381,0
2022-11-09,521.3558686187619,116.5083269797606,0
2022-11-10,513.2130007605066,116.27019272001277,0
2022-11-11,546.7857318921184,126.10957614308658,0
2022-11-12,505.71576070335215,100.42007683265518,0
2022-11-13,511.1608701926581,113.63905942589928,0
2022-11-14,572.7562678926762,93.79466486813088,0
2022-11-15,508.5932497387981,106.48332704976885,0
2022-11-16,557.529987407285,97.39713891264631,0
2022-11-17,522.6174059580367,101.93991929985437,0
2022-11-18,515.2788547945206,111.90314050873828,0
2022-11-19,534.4644395372247,83.63558633533054,0
2022-11-20,605.8712886416918,141.8477455137092,1
2022-11-21,604.541163037982,79.87965237000596,1
2022-11-22,635.6743806698848,75.71622774424536,1
2022-11-23,611.3747980925939,123.16221747000135,1
2022-11-24,584.8650265779204,115.83325387925872,1
2022-11-25,561.0827546266407,112.4823963410431,1
2022-11-26,523.3957293161133,112.5669101852856,1
2022-11-27,644.8543379533864,99.7550645430617,1
2022-11-28,561.1699642225195,82.05491257028336,1
2022-11-29,609.8830679226722,101.51609116387452,1
2022-11-30,608.347641785291,86.45676576975777,1
2022-12-01,625.7618166091319,119.50239466835502,1
2022-12-02,617.7254052990254,97.05885236995722,1
2022-12-03,604.9851496812582,83.49005606414977,1
2022-12-04,569.3812650566327,93.57228316694012,1
2022-12-05,602.7251576845398,108.2586290855125,1
2022-12-06,626.8220007165698,88.7255089439205,1
2022-12-07,614.0301026244329,83.55559208867137,1
2022-12-08,666.126995019722,104.87374422983825,1
2022-12-09,616.1351460489151,104.89933142217446,1
2022-12-10,608.9723101768127,89.8611364925774,1
2022-12-11,611.7474335972462,90.57923388763355,1
2022-12-12,647.7830322640873,104.64099874715272,1
2022-12-13,624.4327091286733,71.03831317005351,1
2022-12-14,585.0746955146712,71.8507245124689,1
2022-12-15,630.1597401307106,85.63111557495128,1
2022-12-16,585.1832707378135,95.73105696576306,1
2022-12-17,582.0747483971613,106.21815131196009,1
2022-12-18,627.2603525647812,129.50712433899105,1
2022-12-19,659.6392248887903,117.15319246404039,1
2022-12-20,633.5538102794997,96.80122940073146,1
2022-12-21,647.7847941651155,99.61967584194622,1
2022-12-22,673.7635059003674,79.94941270724382,1
2022-12-23,619.3699031806883,99.6297372801522,1
2022-12-24,678.6595811032869,94.22682722159725,1
2022-12-25,626.0098862092424,106.45437120676179,1
2022-12-26,485.86549162713925,83.45538112895355,0
2022-12-27,585.9128360278276,110.38693028482345,0
2022-12-28,585.5987599069725,130.65477826005156,0
2022-12-29,593.0966159329552,97.82479703086285,0
2022-12-30,561.2173682805494,108.03423444197882,0
2022-12-31,528.6886261871172,113.80287983422225,0
2023-01-01,494.3377682384351,91.97559056228327,0
2023-01-02,545.0949377534189,104.48184963620834,0
2023-01-03,541.1275537889351,100.2518480156359,0
2023-01-04,554.5090326809037,101.95352197097664,0
2023-01-05,574.445208148709,84.53980432289067,0
2023-01-06,595.2216062661164,100.49020348517885,0
2023-01-07,549.8899796434932,109.95996582490899,0
2023-01-08,512.6576787420173,129.02287215590084,0
2023-01-09,575.4591460363295,119.18541652170414,0
2023-01-10,621.7193262028733,143.06364915023113,0
2023-01-11,554.762321228889,84.65304874223901,0
2023-01-12,568.9463085959186,117.44641273441357,0
2023-01-13,552.8090987441632,103.66684011476704,0
2023-01-14,530.9269482634998,143.79605866435344,0
2023-01-15,560.6796584096336,83.83403429289697,0
2023-01-16,553.931132365387,83.20556315638449,0
2023-01-17,588.1003687379376,88.01214709111956,0
2023-01-18,544.4764797965291,57.52208551380386,0
2023-01-19,557.6128787271824,89.48489956638478,0
2023-01-20,574.5151149628655,84.81734676892604,0
2023-01-21,537.1526160212863,103.00787572952416,0
2023-01-22,606.0090488868381,106.83511951554318,0
2023-01-23,567.9011097790376,137.52341678431773,0
2023-01-24,597.554113911332,119.008476763721,0
2023-01-25,614.3245413964706,88.46192688675194,0
2023-01-26,531.8749943937916,82.03170657303284,0
2023-01-27,513.411042974285,109.83838343013011,0
2023-01-28,499.5878666222795,73.59533585958715,0
2023-01-29,606.8163380543704,136.62917531708706,0
2023-01-30,564.9096738555533,123.58880241442574,0
2023-01-31,664.7511014993852,90.6164869579059,0
2023-02-01,568.2631034776471,65.73730941818243,0
2023-02-02,599.0877067001696,127.07744748330826,0
2023-02-03,614.4201503815503,97.70920309494764,0
2023-02-04,626.396214087534,124.75632623946923,0
2023-02-05,615.6819253696552,68.11144682411266,0
2023-02-06,612.4410711281098,88.01249954092454,0
2023-02-07,626.9138111277698,100.10487399436366,0
2023-02-08,618.8085877043037,100.93961187529484,0
2023-02-09,611.2997292829837,90.99869057041512,0
2023-02-10,561.2053313736268,112.45699864694997,0
2023-02-11,532.9314835895126,78.6475914123481,0
2023-02-12,567.4800406598305,97.15241029957413,0
2023-02-13,580.3688734757069,102.40591263423798,0
2023-02-14,590.5493375264772,110.28877668117498,0
2023-02-15,630.74270204996,114.23229756177778,0
2023-02-16,617.3211804032348,77.50715816324262,0
2023-02-17,572.1406979301898,69.31771658528756,0
2023-02-18,620.4920095042402,125.55353643797018,0
2023-02-19,540.7218714224399,106.64628023959183,0
2023-02-20,578.9200383464661,85.03026926886892,0
2023-02-21,593.2536644379503,131.02303951045045,0
2023-02-22,554.5937903750407,102.31349268585717,0
2023-02-23,604.2410917201869,123.58594368127653,0
2023-02-24,579.6019638049792,101.35036962820217,0
2023-02-25,630.34324926804,141.21495849763974,0
2023-02-26,606.4282972602323,135.1068168488641,0
2023-02-27,560.9115306609733,95.02071703041852,0
2023-02-28,670.7296869214887,119.4314190190871,0
2023-03-01,654.1400227206982,112.90751899170296,0
2023-03-02,628.9752129680836,127.37263115064697,0
2023-03-03,573.8328467458854,80.70153078839792,0
2023-03-04,551.387948911818,113.72102919996878,0
2023-03-05,575.5467813125827,121.16848973699176,0
2023-03-06,618.5415651551991,64.82521027153771,0
2023-03-07,661.925358391536,76.3348297466845,0
2023-03-08,650.8168704345082,59.21535644479799,0
2023-03-09,590.0443155079272,94.61186331110885,0
2023-03-10,560.0661399327142,114.35084511591924,0
2023-03-11,592.134032917422,130.04714104192055,0
2023-03-12,530.4975609633673,101.4818956083955,0
2023-03-13,618.5465440703283,132.57231091142583,0
2023-03-14,602.3307691258688,72.39797083570217,0
2023-03-15,595.0089098810536,65.9323512128969,0
2023-03-16,560.5097857645825,98.88904602206762,0
2023-03-17,609.3217179911189,107.68130897878615,0
2023-03-18,564.8774441705169,99.34610503811814,0
2023-03-19,537.6662354377125,58.65115799920247,0
2023-03-20,514.3398304397566,98.21759920974424,0
2023-03-21,608.2496890083928,73.91060998990294,0
2023-03-22,678.1578322743137,113.39345097660077,0
2023-03-23,662.3825128150676,107.33196492193697,0
2023-03-24,573.8167835564643,81.2024042734529,0
2023-03-25,561.3629889123865,89.72266165326613,0
2023-03-26,594.232212246254,78.81572956222097,0
2023-03-27,571.9683120480712,98.74641805453656,0
2023-03-28,632.8374892223596,119.10284641002477,0
2023-03-29,639.0883813749421,80.28547907328912,0
2023-03-30,651.1224511539716,110.08093031035689,0
2023-03-31,587.8245823120102,89.39484763255119,0
2023-04-01,572.38352924429,84.14254335475312,0
2023-04-02,560.177543520952,97.85939280090885,0
2023-04-03,571.8094494786558,79.29515355161251,0
2023-04-04,608.3643528394832,88.92701389305635,0
2023-04-05,626.1781141358584,76.04244214822303,0
2023-04-06,650.7065094545554,139.2945026583278,0
2023-04-07,570.2438035641037,100.70527103943458,0
2023-04-08,623.8465882405644,86.00548984014829,0
2023-04-09,580.2192449834405,104.27959821468444,0
2023-04-10,601.3188923830191,97.75343900618341,0
2023-04-11,594.441869175918,95.58060800933555,0
2023-04-12,552.9026782347079,112.2833340008685,0
2023-04-13,642.074767515741,115.1501542009461,0
2023-04-14,612.4451627763771,89.38997704778944,0
2023-04-15,570.6626154304021,88.4836351871064,0
2023-04-16,586.6196708356789,94.49896605696712,0
2023-04-17,603.3901769709169,53.9615767052883,0
2023-04-18,561.2049984189377,69.69617875602896,0
2023-04-19,613.1622733594371,127.33748534889048,0
2023-04-20,643.4935004526222,132.89935427002567,0
2023-04-21,553.0874834547542,95.01927920887243,0
2023-04-22,593.4115888144686,111.53113926111533,0
2023-04-23,545.9196136910974,106.22500309087073,0
2023-04-24,632.5807204333918,161.57761616910474,0
2023-04-25,621.1140159520132,122.39149822869153,0
2023-04-26,569.8073297222974,97.44164817038467,0
2023-04-27,637.1044028886978,80.88919118799149,0
2023-04-28,558.5378645289074,67.87107359484855,0
2023-04-29,555.96751659261,104.06927271734446,0
2023-04-30,584.0429519945388,84.87298509431393,0
2023-05-01,623.7609141607414,71.55492580804652,0
2023-05-02,578.739644177049,87.06854231514947,0
2023-05-03,611.9257742048807,78.3690399277121,0
2023-05-04,628.3274724703567,133.7428327014513,0
2023-05-05,613.6516059481717,117.63279513898901,0
2023-05-06,581.5645625029761,99.84054717366766,0
2023-05-07,577.6091025837756,129.59888277780053,0
2023-05-08,570.5605005424715,101.54736615295236,0
2023-05-09,607.512384121913,82.77431597343472,0
2023-05-10,590.455625101622,130.46248154539313,0
2023-05-11,517.764822607973,110.77820087369318,0
2023-05-12,591.1900730559473,79.25507691347087,0
2023-05-13,598.9607962970482,96.19322643832784,0
2023-05-14,500.1827883065054,82.48763493230486,0
2023-05-15,552.8391581772403,72.34400538071327,0
2023-05-16,630.6521684485044,118.52355095063282,0
2023-05-17,683.009102683167,138.1883328094026,0
2023-05-18,590.6741419140474,72.02864852361718,0
2023-05-19,562.048722874769,111.25938473381142,0
2023-05-20,559.7138863191641,86.98714861756346,0
2023-05-21,610.6947284829511,90.25749232470608,0
2023-05-22,564.4694467426589,88.15212151522262,0
2023-05-23,573.2650655615658,82.72018460640368,0
2023-05-24,591.4716123440107,100.97043255889653,0
2023-05-25,560.6233189973697,83.38099767177924,0
2023-05-26,581.5144382667954,105.40913651559677,0
2023-05-27,613.1789802489717,98.99523781101726,0
2023-05-28,576.2015233834306,95.2210390626718,0
2023-05-29,569.8960348909943,81.84872675916804,0
2023-05-30,585.658166006581,88.46457338863334,0
2023-05-31,558.688300888484,115.10782451651512,0
2023-06-01,619.038561894801,110.01834375248761,0
2023-06-02,563.2855131939081,80.44889510402898,0
2023-06-03,555.1410135649134,101.98664610858452,0
2023-06-04,663.4102548016389,115.02774246743579,0
2023-06-05,576.9720947817672,66.61189437757257,0
2023-06-06,573.6430762992622,110.8672038475987,0
2023-06-07,579.2998857445762,86.74752482108306,0
2023-06-08,622.3841519026361,111.41197337186318,0
2023-06-09,565.226280854725,84.73481686914967,0
2023-06-10,500.8594963393438,63.90235798670962,0
2023-06-11,575.7555993941331,67.44915124233674,0
2023-06-12,553.064611225025,100.96169893322764,0
2023-06-13,645.449249993007,105.19445003442964,0
2023-06-14,617.7597414281241,81.91366749791183,0
2023-06-15,569.6011064252136,112.77184917554747,0
2023-06-16,589.5169703324888,66.7695987546208,0
2023-06-17,551.0917373043486,98.67840402705367,0
2023-06-18,570.8457669172619,75.77967600475087,0
2023-06-19,578.0070136440112,86.96327784395682,0
2023-06-20,557.1139665172116,100.94797342632828,0
2023-06-21,560.817912368687,82.79173269432096,0
2023-06-22,602.2595166913329,92.30888911540349,0
2023-06-23,551.506781955733,120.1258561842888,0
2023-06-24,528.3180455145938,88.46216260953703,0
2023-06-25,523.3067959986345,116.71384224130284,0
2023-06-26,567.7065683307179,77.40586290684763,0
2023-06-27,641.6605262558197,110.59608355830565,0
2023-06-28,556.2826464082453,128.83137241315802,0
2023-06-29,553.9255031319966,50.56710999745421,0
2023-06-30,587.4484923586456,84.06209489059046,0
2023-07-01,539.3049826265097,111.5414425436108,0
2023-07-02,553.6359020774391,95.93909227914014,0
2023-07-03,526.4641473844648,107.42291746742617,0
2023-07-04,580.1608197950686,87.92029626568359,0
2023-07-05,568.8931051500477,101.731795749458,0
2023-07-06,590.9961872787213,96.88645529215842,0
2023-07-07,586.8237616436902,123.35564123319615,0
2023-07-08,611.7819257206445,105.08841686602426,0
2023-07-09,555.0405726468689,106.75205324150404,0
2023-07-10,557.7626678547365,91.76246067755065,0
2023-07-11,568.2021707053196,90.24787551855013,0
2023-07-12,555.1698910461199,91.34883624360758,0
2023-07-13,569.2652584507928,107.88904284756593,0
2023-07-14,527.2083302565667,91.58031038359474,0
2023-07-15,533.7786366742998,105.79549713792825,0
2023-07-16,582.042592186704,141.50801597290877,0
2023-07-17,519.9471966258005,117.42249406863385,0
2023-07-18,592.0153115302641,93.47952935664318,0
2023-07-19,609.5836528331416,124.0242784432789,0
2023-07-20,545.2818146876981,91.83849253956897,0
2023-07-21,457.26750692509734,59.23750929644292,0
2023-07-22,497.28764864448954,79.83827378165192,0
2023-07-23,552.3627686848292,62.58416157948289,0
2023-07-24,536.7694789665875,92.96973031917382,0
2023-07-25,524.5885591228273,100.36836758379103,0
2023-07-26,552.4961365396606,133.52874624550566,0
2023-07-27,573.207822821595,106.53854747528325,0
2023-07-28,543.0337898733123,95.61798942382272,0
2023-07-29,514.2145775929507,116.58811162366979,0
2023-07-30,495.2838507584583,55.7772938198423,0
2023-07-31,524.1473075219021,104.71229116217133,0
2023-08-01,526.3774246054385,115.41730387773934,0
2023-08-02,592.185191902248,70.42827508440317,0
2023-08-03,538.2840825571559,122.87508086413858,0
2023-08-04,561.6060373603477,106.76992814988829,0
2023-08-05,554.7197327101234,91.69424172198397,0
2023-08-06,548.5207750964997,112.6556373221257,0
2023-08-07,530.4362851506612,145.41385715608791,0
2023-08-08,557.9585267285638,103.6373251011699,0
2023-08-09,548.7477835715447,104.96441172600672,0
2023-08-10,506.672312833414,90.81278200919512,0
2023-08-11,523.2013017906801,83.00311261070416,0
2023-08-12,476.75444506038065,116.60671633088491,0
2023-08-13,540.9040558383566,82.87832348182266,0
2023-08-14,511.9522080305138,101.43132474438785,0
2023-08-15,543.6914133006061,90.44685106469767,0
2023-08-16,555.1918928391401,109.57959651492784,0
2023-08-17,526.6786525191525,106.67324210573896,0
2023-08-18,538.3705012231301,120.75079888515799,0
2023-08-19,485.8831331221295,89.79967202290506,0
2023-08-20,531.0496982859961,94.60250129413258,0
2023-08-21,475.40359665837656,80.42472568435386,0
2023-08-22,537.9180554069442,91.11413479847778,0
2023-08-23,600.5977384197184,107.54600986089704,0
2023-08-24,503.4005235549252,115.13977233290704,0
2023-08-25,485.1829868407903,81.5566935164475,0
2023-08-26,520.4094101944692,117.3921184021132,0
2023-08-27,516.7169410254617,127.11275717609902,0
2023-08-28,531.4032384266172,108.26869806447402,0
2023-08-29,559.5605655614858,137.53591625116132,0
2023-08-30,551.4813586183767,84.52421601792854,0
2023-08-31,551.6936354186738,75.10690593377166,0
2023-09-01,509.7592474966125,64.42559502191443,0
2023-09-02,498.6893677880656,129.92088622978366,0
2023-09-03,524.5639091933712,113.08731312708116,0
2023-09-04,572.4209854846482,98.8883065817909,0
2023-09-05,528.7696388995681,105.59937252639641,0
2023-09-06,498.62951331501614,77.49021905403247,0
2023-09-07,571.3854254356917,148.91503959233654,0
2023-09-08,503.02168128123765,102.58442363950455,0
2023-09-09,430.2415275916728,102.18789589209786,0
2023-09-10,528.1465530937727,114.51533247797384,0
2023-09-11,500.58815264228156,109.62018463473426,0
2023-09-12,527.795856325302,104.47768048558262,0
2023-09-13,538.0310715965128,84.19051089109377,0
2023-09-14,530.3355844691743,109.42936714271991,0
2023-09-15,536.8244992824629,137.64048992950066,0
2023-09-16,488.2624817649949,126.90840092309955,0
2023-09-17,521.9097542243053,131.86373253278794,0
2023-09-18,501.595778082277,89.77568647137629,0
2023-09-19,544.1826305721596,80.20790359482838,0
2023-09-20,549.408533644431,97.48426159800704,0
2023-09-21,493.05145569655383,101.11449824577389,0
2023-09-22,542.4830583021086,121.88383036941897,0
2023-09-23,466.2120474249805,66.15070740570361,0
2023-09-24,529.6695637524667,130.59100638921228,0
2023-09-25,521.9153064555314,96.83984202842021,0
2023-09-26,580.0379084458212,91.4623786010516,0
2023-09-27,518.5260944776504,79.75791249479664,0
2023-09-28,500.07504508835893,66.90286656268461,0
2023-09-29,507.50144651042046,116.46341167923829,0
2023-09-30,483.70012314172885,101.46635934376808,0
2023-10-01,512.5223250236451,74.20078200517892,0
2023-10-02,455.7017840155262,74.09842455872767,0
2023-10-03,494.04894831724494,93.28430601419744,0
2023-10-04,509.60682869021883,133.38043050578787,0
2023-10-05,547.863105777969,94.8081729727279,0
2023-10-06,545.975918869039,69.93714093763788,0
2023-10-07,488.38261147102617,95.08513871828112,0
2023-10-08,490.3012667655565,94.5455286050466,0
2023-10-09,498.7236202813783,46.06226714116857,0
2023-10-10,563.1497374088001,98.91410266964375,0
2023-10-11,503.46866619906245,95.38130939582643,0
2023-10-12,533.3906589396948,113.92412729626837,0
2023-10-13,545.279573605511,136.9791218989069,0
2023-10-14,516.1386342732244,122.53130059095514,0
2023-10-15,502.5342906126974,94.62222618890338,0
2023-10-16,537.7552304418214,77.8694818251666,0
2023-10-17,464.62333048526756,151.4671960649972,0
2023-10-18,555.1283871040554,101.18436868028977,0
2023-10-19,504.38615422524833,100.27858583825892,0
2023-10-20,451.828768417938,99.51749825779993,0
2023-10-21,512.9332254096253,103.96169521535711,0
2023-10-22,540.9651027928384,97.11279176152115,0
2023-10-23,509.057488340928,88.52675986239528,0
2023-10-24,557.9431480321745,89.06282117519216,0
2023-10-25,585.0639869527332,99.34493459568003,0
2023-10-26,562.6638691229382,89.1315045773247,0
2023-10-27,554.4626429201156,85.74308434645671,0
2023-10-28,522.0547805316943,102.12860455383793,0
2023-10-29,504.1931407159939,94.9004556515829,0
2023-10-30,480.52039831736903,130.07985977165376,0
2023-10-31,512.3761184186242,46.980603832139764,0
2023-11-01,521.2620035818954,121.83013703844924,0
2023-11-02,602.291612885895,124.92170384995258,0
2023-11-03,495.1244891685059,58.53219535183701,0
2023-11-04,504.1829290771256,93.14624811839302,0
2023-11-05,521.255458770758,92.57118268008418,0
2023-11-06,515.9860502724987,71.84976610564358,0
2023-11-07,585.5032063280041,84.4436662481825,0
2023-11-08,518.4083394809691,77.78848309068343,0
2023-11-09,549.8647285464714,135.04540886847246,0
2023-11-10,500.0915366613953,118.71356786294922,0
2023-11-11,474.56480656577924,125.43110189988317,0
2023-11-12,496.9917256229125,114.4334412808647,0
2023-11-13,519.3937343130449,77.41896457565542,0
2023-11-14,527.5282394013685,89.50959467440452,0
2023-11-15,530.2293451006994,109.78749122455837,0
2023-11-16,488.3824676662621,75.55744382216109,0
2023-11-17,523.004510258639,114.25996860344776,0
2023-11-18,464.4956972048373,95.1934920368373,0
2023-11-19,536.1843935039161,92.50358384900805,0
2023-11-20,618.707474345507,114.21919936406984,1
2023-11-21,587.2540494898201,108.8852662297208,1
2023-11-22,621.4541515151827,92.7806766836184,1
2023-11-23,607.1951179290628,123.18659606728497,1
2023-11-24,609.2748462165866,78.37873344800205,1
2023-11-25,640.0205551060333,112.31871213888527,1
2023-11-26,548.0317159945216,111.86202515936768,1
2023-11-27,618.7217380801575,93.80907121372019,1
2023-11-28,630.6891853388989,106.52266044484236,1
2023-11-29,650.8112987105611,74.97772847229393,1
2023-11-30,640.0841885521179,118.48054038413802,1
2023-12-01,587.9150549388276,96.30195727114022,1
2023-12-02,588.8567935574613,89.54553958961921,1
2023-12-03,588.6491364564135,120.98018451673778,1
2023-12-04,650.7426849276809,85.91312618914482,1
2023-12-05,631.336431703816,71.8307740727288,1
2023-12-06,691.5348236444675,68.86741652952193,1
2023-12-07,635.6695106156877,112.12019902691279,1
2023-12-08,588.4043757831769,74.39141295007434,1
2023-12-09,572.4825479253514,135.0958836396873,1
2023-12-10,545.4937975068402,58.36141184232556,1
2023-12-11,591.2285149398699,133.92912736580075,1
2023-12-12,654.3530508983025,104.22034934405237,1
2023-12-13,664.4839690364977,98.06573776259215,1
2023-12-14,589.1483175565029,89.10161826382101,1
2023-12-15,652.6203834493396,107.98272228704141,1
2023-12-16,598.7161372355018,99.24730595150304,1
2023-12-17,629.2033337020076,122.06603764033044,1
2023-12-18,683.7559090894265,102.28455297324079,1
2023-12-19,679.0383947006668,103.00603522923755,1
2023-12-20,645.7496300410162,92.72775575572288,1
2023-12-21,618.9855770684923,98.86108752557865,1
2023-12-22,566.8992327579081,106.15603537784118,1
2023-12-23,587.8518932174879,65.7966321468675,1
2023-12-24,610.0299484082067,73.03629155788573,1
2023-12-25,615.839113877229,114.8652818804543,1
2023-12-26,574.6258733284867,103.41730876255883,0
2023-12-27,583.5100933741675,96.32033327294641,0
2023-12-28,565.7616155653384,100.36867866130787,0
2023-12-29,538.5366574439779,106.95163410723342,0
2023-12-30,547.8618560257174,89.20480639381277,0
2023-12-31,559.4017614853078,84.43390549195375,0
2024-01-01,535.8237670150925,103.91690510195363,0
2024-01-02,620.3654449571957,80.43254444769936,0
2024-01-03,588.1714141705583,108.16505511428943,0
2024-01-04,569.1177831853855,65.9483279152432,0
2024-01-05,589.7419316761718,120.58311274651287,0
2024-01-06,562.2385954611186,109.45194964826086,0
2024-01-07,587.3040500188877,105.12059468627751,0
2024-01-08,588.2238094653911,119.65381967891028,0
2024-01-09,581.8717961101369,133.30948888925153,0
2024-01-10,611.9445415990023,120.2874013003626,0
2024-01-11,539.7319786669036,63.182515373367096,0
2024-01-12,564.2068795839613,74.40846066528597,0
2024-01-13,553.951706221064,87.50362844608642,0
2024-01-14,557.3600492340258,100.52182100421668,0
2024-01-15,579.2174935354562,110.35318040938246,0
2024-01-16,535.6746032822158,85.48512373693069,0
2024-01-17,585.8815332423005,103.73533528954157,0
2024-01-18,589.5267854552792,84.89234135293356,0
2024-01-19,575.9123932442374,87.76964394016103,0
2024-01-20,525.5573659272012,71.86677806303555,0
2024-01-21,601.9790122087336,81.53533507778191,0
2024-01-22,551.9408740644006,72.96630788767332,0
2024-01-23,625.748276459479,80.48253494045335,0
2024-01-24,626.3606393397326,121.07283593215679,0
2024-01-25,572.1541422846612,81.01202222336114,0
2024-01-26,649.7647240124801,152.64764129674782,0
2024-01-27,537.863711295975,109.86635801761778,0
2024-01-28,604.0745258462514,103.69672247389748,0
2024-01-29,616.7040148659913,82.83284439637573,0
2024-01-30,592.3586601615141,114.00619758817982,0
2024-01-31,651.252237480745,88.48724347524453,0
2024-02-01,596.1291186005323,102.44019629290723,0
2024-02-02,610.3438999025724,151.2016907653759,0
2024-02-03,583.5065031795333,98.078802005507,0
2024-02-04,583.764835878793,122.98546652571352,0
2024-02-05,617.3952033167282,85.93647149748224,0
2024-02-06,637.2676946709832,99.30023019006076,0
2024-02-07,576.4412463660605,135.4160127127102,0
2024-02-08,643.5484171440123,87.46065884424465,0
2024-02-09,552.5438719690691,136.24897115993858,0
2024-02-10,616.6558175510952,114.1550387091095,0
2024-02-11,616.4214547122153,88.75066448211464,0
2024-02-12,573.3876344695245,112.64815478111042,0
2024-02-13,612.1501660696667,119.4510889925346,0
2024-02-14,593.7311943149441,112.43619924434392,0
2024-02-15,597.1415266684351,68.59550560219087,0
2024-02-16,582.700675551923,85.45725648350263,0
2024-02-17,608.026997059334,95.0496272889699,0
2024-02-18,629.4746365444552,98.51133141799907,0
2024-02-19,652.4598373329309,112.41344195101355,0
2024-02-20,607.3085362018079,103.55402001866507,0
2024-02-21,613.2746284325788,73.29311282579798,0
2024-02-22,569.1029989595974,107.60395702011927,0
2024-02-23,580.0277921031999,112.21171490567646,0
2024-02-24,622.5826863872416,111.1958089586208,0
2024-02-25,649.6393670755348,121.61561451109243,0
2024-02-26,578.8315980891862,116.67844309097808,0
2024-02-27,611.9987026318682,109.18360158456873,0
2024-02-28,630.1762458424931,98.59668577082707,0
2024-02-29,619.5049418596335,66.78078132968018,0
2024-03-01,582.4847466712748,108.59236438265172,0
2024-03-02,607.813984470477,104.15375374326223,0
2024-03-03,585.5810384588524,105.43157674390747,0
2024-03-04,606.1550077417072,74.46502848359381,0
2024-03-05,640.2203613296342,78.37886919183475,0
2024-03-06,641.1108340980938,121.06305706665808,0
2024-03-07,610.8551665526809,99.2088969228669,0
2024-03-08,608.0215996699413,113.63001394745248,0
2024-03-09,594.297547415946,100.56636752260918,0
2024-03-10,590.0834377322964,100.59512278991487,0
2024-03-11,614.8586238529376,118.76567611951995,0
2024-03-12,677.8295957665549,89.67910543565252,0
2024-03-13,654.5556921582772,101.92241553881966,0
2024-03-14,615.0013548388413,90.75449422589915,0
2024-03-15,627.880469181992,91.31007545135368,0
2024-03-16,587.1688212056142,93.81655753062721,0
2024-03-17,639.6931082006162,104.44267543267425,0
2024-03-18,627.271796794583,90.42502756673046,0
2024-03-19,639.2445191579576,125.11512251147042,0
2024-03-20,647.0777457182082,82.10785395560993,0
2024-03-21,580.1538511929326,96.26256711677281,0
2024-03-22,574.7983869204089,91.2053788345165,0
2024-03-23,573.462183624882,128.93955768707465,0
2024-03-24,610.0921023235168,103.93109553023149,0
2024-03-25,678.5774125660622,120.6368907893727,0
2024-03-26,694.2082216042767,70.28879253926056,0
2024-03-27,660.9086415374824,105.34100531738518,0
2024-03-28,649.8125648622037,117.79261591246875,0
2024-03-29,558.6467976907034,101.64567978550848,0
2024-03-30,591.5525351137295,121.30960750130703,0
2024-03-31,578.6256640795996,89.65423099799256,0
2024-04-01,610.8764896263168,128.1869488037116,0
2024-04-02,645.4630178679002,145.977962472385,0
2024-04-03,624.2527953293363,92.74322879120682,0
2024-04-04,567.7215233859426,91.08994957198456,0
2024-04-05,643.5628848515896,129.06768954235403,0
2024-04-06,578.8518494135884,131.59144291461425,0
2024-04-07,609.4164585744251,89.54279945693463,0
2024-04-08,680.6570623895967,91.59626365808285,0
2024-04-09,607.2482637602218,94.36430782278985,0
2024-04-10,556.3206369932324,73.11098977931447,0
2024-04-11,615.2819640460417,81.62696107031604,0
2024-04-12,638.9069542493681,79.91718466495864,0
2024-04-13,655.095607523975,84.64404869791743,0
2024-04-14,567.5746830241993,99.30630225226437,0
2024-04-15,636.453154243518,104.68429465073041,0
2024-04-16,630.9538463310508,131.01000985628153,0
2024-04-17,630.1158742194444,80.03291918522419,0
2024-04-18,713.497959415244,119.68644796953167,0
2024-04-19,564.3173613010499,95.72022311548982,0
2024-04-20,606.9549065128072,99.01072580695134,0
2024-04-21,621.3371497713737,113.49638984333207,0
2024-04-22,644.4734541707057,77.54555956875403,0
2024-04-23,639.2351188402463,107.64819492368102,0
2024-04-24,647.8179689810075,103.32904416426112,0
2024-04-25,617.6631568484571,109.84902528016298,0
2024-04-26,618.5989354346831,105.78337287815636,0
2024-04-27,602.079438867652,149.10600279821787,0
2024-04-28,615.9869532722877,87.24520031497369,0
2024-04-29,602.1763183873569,89.38006089996365,0
2024-04-30,639.2961142433436,87.53718947150472,0
2024-05-01,630.9949175206211,88.8904576167949,0
2024-05-02,653.9509680291685,87.25225745386965,0
2024-05-03,611.8270655642928,123.78033062215104,0
2024-05-04,550.3297671690281,128.4100849597971,0
2024-05-05,632.8642475457578,88.58507412501048,0
2024-05-06,581.4608001077919,83.35288853791542,0
2024-05-07,612.0261301442616,109.42831112772808,0
2024-05-08,611.0245243457766,88.95553911438057,0
2024-05-09,665.9409012379444,112.65863635511022,0
2024-05-10,540.2138389917478,104.058460417026,0
2024-05-11,676.7838637157071,69.68511770005536,0
2024-05-12,636.0634472072019,130.95010402660122,0
2024-05-13,627.6835340048777,135.91755346191044,0
2024-05-14,619.99095519229,87.74422619031228,0
2024-05-15,634.8728168135484,92.24596880128031,0
2024-05-16,634.6057204834397,105.7173078144981,0
2024-05-17,620.6995948804216,106.6891357997405,0
2024-05-18,608.5595118463548,113.1708854534566,0
2024-05-19,605.9652112315717,140.204090775327,0
2024-05-20,599.2759818862701,96.461055450119,0
2024-05-21,611.9613833343527,84.03405510923092,0
2024-05-22,610.4135351947607,72.41361543970946,0
2024-05-23,642.7194274468778,85.38139920116161,0
2024-05-24,612.711468210078,99.33746054252406,0
2024-05-25,506.1963925121656,135.89115727035576,0
2024-05-26,603.4233392475313,89.64777401927657,0
2024-05-27,609.0142766719056,104.47575903277797,0
2024-05-28,616.1388515065796,99.67154207854496,0
2024-05-29,615.4598666997551,123.76786546896167,0
2024-05-30,657.365770487966,150.53864851747244,0
2024-05-31,615.6749971161015,89.38262454159359,0
2024-06-01,552.7921104219805,90.21121114963556,0
2024-06-02,600.5478796104832,120.88321754138144,0
2024-06-03,571.9369815769423,113.63782979252623,0
2024-06-04,581.6042678776337,136.93414651472068,0
2024-06-05,599.7506276163709,111.67856370651928,0
2024-06-06,627.2115243498927,92.81415818425882,0
2024-06-07,617.5395193959085,111.81309661384618,0
2024-06-08,595.8816241029781,122.17407161165815,0
2024-06-09,603.624823579752,116.40964362394729,0
2024-06-10,610.3596084336291,110.14548062214595,0
2024-06-11,593.8626540414334,121.33349379178308,0
2024-06-12,629.7773601733201,123.38591180891345,0
2024-06-13,630.5185554490813,127.64317982075055,0
2024-06-14,606.6048581975548,112.97419775179286,0
2024-06-15,603.1494090551021,96.65763839366291,0
2024-06-16,593.6938769093181,102.93427372866645,0
2024-06-17,604.1977835368282,124.13017933016714,0
2024-06-18,628.4655685449198,83.66128658025528,0
2024-06-19,605.7486048090809,107.37346617745803,0
2024-06-20,563.8997316578335,92.13322375345278,0
2024-06-21,569.8431358838707,100.57489645869634,0
2024-06-22,548.2650334338075,125.56903725214598,0
2024-06-23,546.8920253821565,103.82198136039807,0
2024-06-24,576.7760095235561,100.92873096312297,0
2024-06-25,563.7317326643421,72.80287718040161,0
2024-06-26,593.9565577123017,114.92507132054442,0
2024-06-27,534.1528037288736,112.9096836228215,0
2024-06-28,588.3017764288963,143.2650944661092,0
2024-06-29,555.4818586188688,93.84443530093999,0
2024-06-30,537.1459632290117,104.38300655327878,0
2024-07-01,596.4433223108023,104.9876736742151,0
2024-07-02,627.5875314453815,131.5490655952695,0
2024-07-03,544.248877468019,98.09408935226095,0
2024-07-04,560.2093967116971,105.58043051540679,0
2024-07-05,543.8261098206558,112.15793019433079,0
2024-07-06,524.5471659711758,103.73218246312716,0
2024-07-07,576.886063565204,91.07132770898943,0
2024-07-08,564.8623469215768,103.88179985796616,0
2024-07-09,582.8530150632071,121.47263499719544,0
2024-07-10,521.1332448680416,79.4696940117788,0
2024-07-11,595.6497044472311,102.65939348293752,0
2024-07-12,516.2602039927308,85.99758370121654,0
2024-07-13,554.9936546659127,123.90093257849685,0
2024-07-14,548.280273549152,69.5362619043245,0
2024-07-15,601.4151177674833,88.82156305456823,0
2024-07-16,541.802014289774,107.54423750129041,0
2024-07-17,500.69480398445694,131.31048058468681,0
2024-07-18,575.4130185948496,98.68499477854024,0
2024-07-19,602.851111456024,88.89600946613604,0
2024-07-20,589.0363506499637,137.6231413888118,0
2024-07-21,541.2844537728441,71.03972199167512,0
2024-07-22,530.6223921548296,56.023880867598365,0
2024-07-23,600.3049959886016,108.80028900106664,0
2024-07-24,544.3503330735634,89.95891551294778,0
2024-07-25,573.1732130194723,79.57534365738573,0
2024-07-26,566.3365516779661,114.16712894598706,0
2024-07-27,568.6446040464324,104.87601427542398,0
2024-07-28,617.9233650581285,88.71842738526543,0
2024-07-29,557.5326772396444,74.39391202658211,0
2024-07-30,558.3388294923819,117.44914656560289,0
2024-07-31,574.6704452733399,113.00402355917322,0
2024-08-01,506.35722290220855,98.01648272441234,0
2024-08-02,532.2242508531665,136.9327399209533,0
2024-08-03,511.79043808798093,78.59830467347695,0
2024-08-04,508.80810426654443,69.48949658150522,0
2024-08-05,549.080584346508,86.16183860237511,0
2024-08-06,538.7012529651379,99.08827967289004,0
2024-08-07,601.9583117980608,104.86678898645384,0
2024-08-08,553.9722403845927,95.1752788428734,0
2024-08-09,539.267507232784,107.04110793028593,0
2024-08-10,508.6526280540051,74.96921151619111,0
2024-08-11,542.5738606303942,128.8752920814652,0
2024-08-12,568.556847658997,98.35697643214863,0
2024-08-13,540.0378276937116,122.34591663176256,0
2024-08-14,544.947354305296,106.85450692755408,0
2024-08-15,544.877232728615,109.13506438307567,0
2024-08-16,496.3809555110475,111.39534560464408,0
2024-08-17,500.0820796204981,108.9541712003463,0
2024-08-18,514.8719801610752,112.85445519735087,0
2024-08-19,574.6232492255759,126.58305060264863,0
2024-08-20,564.5981658981001,103.9304233940294,0
2024-08-21,568.9660760618418,114.18007515177024,0
2024-08-22,572.5837067277313,98.20528611425547,0
2024-08-23,534.282731669233,128.80234430898946,0
2024-08-24,526.1330361258274,86.4721539588146,0
2024-08-25,529.5954577878337,136.0188086582163,0
2024-08-26,544.8022128419274,99.19684098711313,0
2024-08-27,526.2229453373731,71.38449795763904,0
2024-08-28,483.34021711715513,102.56208829821578,0
2024-08-29,536.3968814844212,86.37896685050238,0
2024-08-30,574.491524192084,116.81287097977449,0
2024-08-31,539.4368440123308,86.94752041395218,0
2024-09-01,545.3475840904092,91.07633133570441,0
2024-09-02,560.0938111370386,62.209185381089384,0
2024-09-03,549.5905549259637,90.95387361501847,0
2024-09-04,544.5569633897965,51.52241346742087,0
2024-09-05,514.0144694736954,68.32194353028554,0
2024-09-06,519.4734461707335,115.20829312288595,0
2024-09-07,536.4748410917481,115.71600317301665,0
2024-09-08,555.5464522845148,108.50915123569929,0
2024-09-09,522.2706875560232,80.66047713741574,0
2024-09-10,533.8566263974452,99.0457728771604,0
2024-09-11,551.2747027741824,99.92794921818863,0
2024-09-12,551.3296392835471,76.83270621614915,0
2024-09-13,488.39117969488063,130.067966035343,0
2024-09-14,448.0566594774931,117.54724581151343,0
2024-09-15,497.5245906717107,95.58071652340672,0
2024-09-16,494.38403242508934,100.53771677989062,0
2024-09-17,532.3421930360081,104.16765615895105,0
2024-09-18,533.384054886292,59.16530263151419,0
2024-09-19,524.050830617538,95.05645234958806,0
2024-09-20,561.1570382655929,86.36031504004403,0
2024-09-21,514.5601851234467,79.96759980210169,0
2024-09-22,521.8852961819758,94.3779941422809,0
2024-09-23,559.5894910190284,135.95373053699046,0
2024-09-24,515.4114277285047,112.8168572253402,0
2024-09-25,577.3118928398392,88.57642020434406,0
2024-09-26,539.8943848311548,111.45165562712317,0
2024-09-27,549.8888905751496,127.98710873172004,0
2024-09-28,483.9662128282676,118.49267365825537,0
2024-09-29,468.2125566569417,101.19260739840348,0
2024-09-30,550.8055320877079,87.06126444588853,0
2024-10-01,561.3298302149732,113.9644662722718,0
2024-10-02,525.0854233634575,107.86970770843499,0
2024-10-03,518.3371706064985,117.90386440055464,0
2024-10-04,559.3801509047761,112.70343603363939,0
2024-10-05,481.7204514549007,120.9910543063867,0
2024-10-06,561.1712523342575,89.29529576878863,0
2024-10-07,511.77463188347326,126.34788131268651,0
2024-10-08,567.0273602913987,103.95199209384799,0
2024-10-09,553.3240970872192,141.50521745250532,0
2024-10-10,554.0644799686794,86.21624363820864,0
2024-10-11,517.0493644596341,134.719276063305,0
2024-10-12,508.6627021996878,103.95821566925295,0
2024-10-13,513.7774148322034,86.97163992771104,0
2024-10-14,499.3778652296545,90.32228331891356,0
2024-10-15,568.5522792800556,93.5930538361136,0
2024-10-16,539.5406577342854,108.48331892803833,0
2024-10-17,538.1449489207683,110.45670976071,0
2024-10-18,491.5468181410043,88.52599992122842,0
2024-10-19,437.30548506758123,99.51290815478035,0
2024-10-20,525.6433567272107,142.8454071722373,0
2024-10-21,617.2518602278456,134.55086340201422,0
2024-10-22,576.6656161253857,108.72647339348065,0
2024-10-23,554.4002033347821,100.760069563364,0
2024-10-24,537.1547384571459,102.40062653436523,0
2024-10-25,531.7267191982609,112.27035945460834,0
2024-10-26,527.2467163378172,79.54414869603188,0
2024-10-27,484.2956593438566,94.8524692515331,0
2024-10-28,560.7647708996325,66.6283185224482,0
2024-10-29,577.2988225910174,107.98446245210559,0
2024-10-30,583.2044879166111,112.94391879405482,0
2024-10-31,557.6946302590566,90.33627075401252,0
2024-11-01,540.6138909518323,131.47973526580066,0
2024-11-02,533.1017645756301,75.48468673995318,0
2024-11-03,533.6230137633314,70.7125023958036,0
2024-11-04,531.5516619180083,104.48903637119943,0
2024-11-05,546.0842133277584,120.94196605224309,0
2024-11-06,574.5897588415095,133.67855382915738,0
2024-11-07,594.8976909121542,90.8223147426212,0
2024-11-08,503.7064053950809,121.57361666862592,0
2024-11-09,479.9238916225891,99.22983060998585,0
2024-11-10,532.555141364162,96.54745400118361,0
2024-11-11,551.729986295773,117.67319874973344,0
2024-11-12,570.279965702754,113.0464575682684,0
2024-11-13,563.5265993241904,68.47215686031501,0
2024-11-14,557.6580181275735,129.53080699451792,0
2024-11-15,591.7758601480137,127.60182708294903,0
2024-11-16,476.86830783182756,87.48874596980941,0
2024-11-17,510.71109986620917,107.91607066874818,0
2024-11-18,549.3848074011111,109.88060372565478,0
2024-11-19,518.1235298579298,105.21347531647814,0
2024-11-20,641.8494801430929,88.9938969230916,1
2024-11-21,686.13970212452,86.56753264123897,1
2024-11-22,624.1717519348227,99.48891858017109,1
2024-11-23,627.572508695442,123.4545803851873,1
2024-11-24,583.6800146503385,110.87200309188864,1
2024-11-25,613.9003839517433,92.58771335827788,1
2024-11-26,644.3891648451515,115.43397421296689,1
2024-11-27,629.0255910402539,43.02914758739849,1
2024-11-28,690.9488024664194,122.97531400744207,1
2024-11-29,635.3312271741287,65.205724424438,1
2024-11-30,583.4942798918349,92.75118117193736,1
2024-12-01,624.3538023300534,77.60660210747713,1
2024-12-02,647.3010500554354,74.10637048558189,1
2024-12-03,697.7445944422491,123.21653574757039,1
2024-12-04,705.8697920052947,90.64597597376218,1
2024-12-05,622.8941921872835,106.93007763461432,1
2024-12-06,610.140676947765,99.06158842241632,1
2024-12-07,589.9031806400834,109.54081654446243,1
2024-12-08,622.9174787792579,101.53643782120511,1
2024-12-09,652.25899177944,74.3401555162286,1
2024-12-10,698.0581210840107,119.9253363889428,1
2024-12-11,661.9440049507747,90.12486833677374,1
2024-12-12,638.2966964599328,68.86836202680497,1
2024-12-13,642.7322523752852,91.43769678068175,1
2024-12-14,614.7538055745634,130.01519581268622,1
2024-12-15,703.3331976983543,117.00443484226986,1
2024-12-16,601.7446180797136,93.02695731184282,1
2024-12-17,672.0372251401133,93.01484591363142,1
2024-12-18,732.1217095197904,93.56729897565235,1
2024-12-19,676.0808225283539,141.53495967121682,1
2024-12-20,643.5481096719195,107.63870904463107,1
2024-12-21,628.8928879219831,108.60083294382139,1
2024-12-22,642.569382016295,120.60566908063684,1
2024-12-23,700.9577869494874,104.77578318053027,1
2024-12-24,606.9714345621793,94.81915708358594,1
2024-12-25,724.475230251144,96.07300301830044,1
2024-12-26,546.5892313122464,98.56797481171873,0
2024-12-27,565.0684385603947,99.25555526980317,0
2024-12-28,554.8688058280884,114.5525908727396,0
2024-12-29,586.1209759508131,101.03891771614599,0
2024-12-30,541.1521099067811,114.65280154431159,0
2024-12-31,614.628177958959,98.38566839782835,0
